title,brand,price,rating,reviews,image_url,product_url
Storio Toy Octopus Plushie Reversible Soft Toys for Kids | Plush Soft Toys for Baby Boys and Girls| Best Gift | Octopus Soft Toy for Kids -PurplePink,M.R.P:,179.0,4.2,1679,https://m.media-amazon.com/images/I/51nqXz7iWrL._AC_UL320_.jpg,https://www.amazon.in/Storio-Octopus-Plushie-Reversible-Plush/dp/B0D6Z1YPTZ/ref=sr_1_5?dib=eyJ2IjoiMSJ9.E6Z5MwHloRsESI6VE7xAHiwqCI8EbLa_eRLwmphLVU8uOOFmeUWPwK_MvrxzN_Rh9Hap4eLAwSW875N7Pq4KW1qwo836mTKBqW1DyxE-bAL9HSbYyZLh4xraM7kLlJ_QX3iJwXOEpIGEKacjbdgMeF-saSJOETnbcc1FEzOboPBXfrs_3zlw8Fsqsblb6OePJeL0sTvybuBG9lY3DO1NMmpAjSpl93wCTrLd8wHumDuJ8l9tNhCOYIh1MjlN__6vs7oTNb-tBVvlmO883fb3kKsOZu2BSIOtKCepvQ5L1Ug.CBD3mXxUA12E5w2C9SZi1ZJbhim4e7I4Tnq2yzOJGCw&dib_tag=se&keywords=soft+toys&qid=1746966483&sr=8-5
Babique Dog Sitting Plush Soft Toy Cute Kids Animal Home Decor Boys/Girls White (25 cm),M.R.P:,169.0,4.2,2650,https://m.media-amazon.com/images/I/51h6wRH0lpL._AC_UL320_.jpg,https://www.amazon.in/Babique-Sitting-Plush-Animal-Decor/dp/B0B2F8XS9L/ref=sr_1_6?dib=eyJ2IjoiMSJ9.E6Z5MwHloRsESI6VE7xAHiwqCI8EbLa_eRLwmphLVU8uOOFmeUWPwK_MvrxzN_Rh9Hap4eLAwSW875N7Pq4KW1qwo836mTKBqW1DyxE-bAL9HSbYyZLh4xraM7kLlJ_QX3iJwXOEpIGEKacjbdgMeF-saSJOETnbcc1FEzOboPBXfrs_3zlw8Fsqsblb6OePJeL0sTvybuBG9lY3DO1NMmpAjSpl93wCTrLd8wHumDuJ8l9tNhCOYIh1MjlN__6vs7oTNb-tBVvlmO883fb3kKsOZu2BSIOtKCepvQ5L1Ug.CBD3mXxUA12E5w2C9SZi1ZJbhim4e7I4Tnq2yzOJGCw&dib_tag=se&keywords=soft+toys&qid=1746966483&sr=8-6
"Babique Elephant Sitting Plush Soft Toy Cute Kids Animal Home Decor Boys/Girls (Blue, 30 cm)",M.R.P:,253.0,4.2,2650,https://m.media-amazon.com/images/I/71sh-Yt3EmL._AC_UL320_.jpg,https://www.amazon.in/Babique-Elephant-Sitting-Plush-Animal/dp/B0BD5TR6FD/ref=sr_1_7?dib=eyJ2IjoiMSJ9.E6Z5MwHloRsESI6VE7xAHiwqCI8EbLa_eRLwmphLVU8uOOFmeUWPwK_MvrxzN_Rh9Hap4eLAwSW875N7Pq4KW1qwo836mTKBqW1DyxE-bAL9HSbYyZLh4xraM7kLlJ_QX3iJwXOEpIGEKacjbdgMeF-saSJOETnbcc1FEzOboPBXfrs_3zlw8Fsqsblb6OePJeL0sTvybuBG9lY3DO1NMmpAjSpl93wCTrLd8wHumDuJ8l9tNhCOYIh1MjlN__6vs7oTNb-tBVvlmO883fb3kKsOZu2BSIOtKCepvQ5L1Ug.CBD3mXxUA12E5w2C9SZi1ZJbhim4e7I4Tnq2yzOJGCw&dib_tag=se&keywords=soft+toys&qid=1746966483&sr=8-7
Amazon Brand - Jam & Honey Soft Penguin Plush Toy for Kids | Soft Toy for Boys and Girls | Super-Soft and Safe| Ideal for Gifting | Height 17 cm | Black and White,M.R.P:,198.0,4.4,13329,https://m.media-amazon.com/images/I/61A2ddWFQxL._AC_UL320_.jpg,https://www.amazon.in/Amazon-Brand-Penguin-Super-Soft-Birthday/dp/B0C46HFZX6/ref=sr_1_8?dib=eyJ2IjoiMSJ9.E6Z5MwHloRsESI6VE7xAHiwqCI8EbLa_eRLwmphLVU8uOOFmeUWPwK_MvrxzN_Rh9Hap4eLAwSW875N7Pq4KW1qwo836mTKBqW1DyxE-bAL9HSbYyZLh4xraM7kLlJ_QX3iJwXOEpIGEKacjbdgMeF-saSJOETnbcc1FEzOboPBXfrs_3zlw8Fsqsblb6OePJeL0sTvybuBG9lY3DO1NMmpAjSpl93wCTrLd8wHumDuJ8l9tNhCOYIh1MjlN__6vs7oTNb-tBVvlmO883fb3kKsOZu2BSIOtKCepvQ5L1Ug.CBD3mXxUA12E5w2C9SZi1ZJbhim4e7I4Tnq2yzOJGCw&dib_tag=se&keywords=soft+toys&qid=1746966483&sr=8-8
"Babique Unicorn Teddy Bear Plush Soft Toy Cute Kids Birthday Animal Baby Boys/Girls (25 Cm, Yellow)",M.R.P:,169.0,4.1,4740,https://m.media-amazon.com/images/I/51AWNa6+TOL._AC_UL320_.jpg,https://www.amazon.in/Babique-Unicorn-Stuffed-Birthday-Yellow/dp/B08LTGRJSV/ref=sr_1_9?dib=eyJ2IjoiMSJ9.E6Z5MwHloRsESI6VE7xAHiwqCI8EbLa_eRLwmphLVU8uOOFmeUWPwK_MvrxzN_Rh9Hap4eLAwSW875N7Pq4KW1qwo836mTKBqW1DyxE-bAL9HSbYyZLh4xraM7kLlJ_QX3iJwXOEpIGEKacjbdgMeF-saSJOETnbcc1FEzOboPBXfrs_3zlw8Fsqsblb6OePJeL0sTvybuBG9lY3DO1NMmpAjSpl93wCTrLd8wHumDuJ8l9tNhCOYIh1MjlN__6vs7oTNb-tBVvlmO883fb3kKsOZu2BSIOtKCepvQ5L1Ug.CBD3mXxUA12E5w2C9SZi1ZJbhim4e7I4Tnq2yzOJGCw&dib_tag=se&keywords=soft+toys&qid=1746966483&sr=8-9
Storio Toy Plushie Super Soft Toys for Kids | Adorable Plush Soft Toys for Baby Boys and Girls Kids - Penguine Black & White,M.R.P:,189.0,4.2,1679,https://m.media-amazon.com/images/I/61ocDqkDeML._AC_UL320_.jpg,https://www.amazon.in/Storio-Plushie-Super-Adorable-Plush/dp/B0CQG83Q12/ref=sr_1_10?dib=eyJ2IjoiMSJ9.E6Z5MwHloRsESI6VE7xAHiwqCI8EbLa_eRLwmphLVU8uOOFmeUWPwK_MvrxzN_Rh9Hap4eLAwSW875N7Pq4KW1qwo836mTKBqW1DyxE-bAL9HSbYyZLh4xraM7kLlJ_QX3iJwXOEpIGEKacjbdgMeF-saSJOETnbcc1FEzOboPBXfrs_3zlw8Fsqsblb6OePJeL0sTvybuBG9lY3DO1NMmpAjSpl93wCTrLd8wHumDuJ8l9tNhCOYIh1MjlN__6vs7oTNb-tBVvlmO883fb3kKsOZu2BSIOtKCepvQ5L1Ug.CBD3mXxUA12E5w2C9SZi1ZJbhim4e7I4Tnq2yzOJGCw&dib_tag=se&keywords=soft+toys&qid=1746966483&sr=8-10
"Babique Unicorn Teddy Bear Plush Soft Toy Cute Kids Birthday Animal Baby Boys/Girls (25 cm, Pink)",M.R.P:,159.0,4.2,9386,https://m.media-amazon.com/images/I/51C5TrSt-GL._AC_UL320_.jpg,https://www.amazon.in/Babique-Unicorn-Stuffed-Plush-Birthday/dp/B08LTGVND9/ref=sr_1_11?dib=eyJ2IjoiMSJ9.E6Z5MwHloRsESI6VE7xAHiwqCI8EbLa_eRLwmphLVU8uOOFmeUWPwK_MvrxzN_Rh9Hap4eLAwSW875N7Pq4KW1qwo836mTKBqW1DyxE-bAL9HSbYyZLh4xraM7kLlJ_QX3iJwXOEpIGEKacjbdgMeF-saSJOETnbcc1FEzOboPBXfrs_3zlw8Fsqsblb6OePJeL0sTvybuBG9lY3DO1NMmpAjSpl93wCTrLd8wHumDuJ8l9tNhCOYIh1MjlN__6vs7oTNb-tBVvlmO883fb3kKsOZu2BSIOtKCepvQ5L1Ug.CBD3mXxUA12E5w2C9SZi1ZJbhim4e7I4Tnq2yzOJGCw&dib_tag=se&keywords=soft+toys&qid=1746966483&sr=8-11
Babique Nemo Fish Toy Plush Soft Toy Cute Kids Animal Home Decor Boys/Girls -Orange (25 cm),M.R.P:,209.0,4.2,2650,https://m.media-amazon.com/images/I/511vEf27jFL._AC_UL320_.jpg,https://www.amazon.in/Babique-Plush-Animal-Decor-Orange/dp/B0CBZ6KL29/ref=sr_1_12?dib=eyJ2IjoiMSJ9.E6Z5MwHloRsESI6VE7xAHiwqCI8EbLa_eRLwmphLVU8uOOFmeUWPwK_MvrxzN_Rh9Hap4eLAwSW875N7Pq4KW1qwo836mTKBqW1DyxE-bAL9HSbYyZLh4xraM7kLlJ_QX3iJwXOEpIGEKacjbdgMeF-saSJOETnbcc1FEzOboPBXfrs_3zlw8Fsqsblb6OePJeL0sTvybuBG9lY3DO1NMmpAjSpl93wCTrLd8wHumDuJ8l9tNhCOYIh1MjlN__6vs7oTNb-tBVvlmO883fb3kKsOZu2BSIOtKCepvQ5L1Ug.CBD3mXxUA12E5w2C9SZi1ZJbhim4e7I4Tnq2yzOJGCw&dib_tag=se&keywords=soft+toys&qid=1746966483&sr=8-12
Babique Cat Flower Plush Soft Toy Cute Kids Animal Home Decor Boys/Girls (Pack of 1)(25 cm),M.R.P:,219.0,4.0,1229,https://m.media-amazon.com/images/I/61QnIuUiOgL._AC_UL320_.jpg,https://www.amazon.in/Babique-Flower-Plush-Animal-Decor/dp/B0BFNYP192/ref=sr_1_13?dib=eyJ2IjoiMSJ9.E6Z5MwHloRsESI6VE7xAHiwqCI8EbLa_eRLwmphLVU8uOOFmeUWPwK_MvrxzN_Rh9Hap4eLAwSW875N7Pq4KW1qwo836mTKBqW1DyxE-bAL9HSbYyZLh4xraM7kLlJ_QX3iJwXOEpIGEKacjbdgMeF-saSJOETnbcc1FEzOboPBXfrs_3zlw8Fsqsblb6OePJeL0sTvybuBG9lY3DO1NMmpAjSpl93wCTrLd8wHumDuJ8l9tNhCOYIh1MjlN__6vs7oTNb-tBVvlmO883fb3kKsOZu2BSIOtKCepvQ5L1Ug.CBD3mXxUA12E5w2C9SZi1ZJbhim4e7I4Tnq2yzOJGCw&dib_tag=se&keywords=soft+toys&qid=1746966483&sr=8-13
"Niku Rabbit with Chain Reversible Bunny Rabbit Soft Stuffed Toys for Girls Boys Baby Kids | Doll, Teddy Bear plushies, Animal Toy | Strawberry/Carrot Shaped Pink Colour | Valentine's Gift",M.R.P:,351.0,4.1,690,https://m.media-amazon.com/images/I/613ls1KV-HL._AC_UL320_.jpg,https://www.amazon.in/Niku-Reversible-Stuffed-plushies-Strawberry/dp/B0CPVNTZ4K/ref=sr_1_14?dib=eyJ2IjoiMSJ9.E6Z5MwHloRsESI6VE7xAHiwqCI8EbLa_eRLwmphLVU8uOOFmeUWPwK_MvrxzN_Rh9Hap4eLAwSW875N7Pq4KW1qwo836mTKBqW1DyxE-bAL9HSbYyZLh4xraM7kLlJ_QX3iJwXOEpIGEKacjbdgMeF-saSJOETnbcc1FEzOboPBXfrs_3zlw8Fsqsblb6OePJeL0sTvybuBG9lY3DO1NMmpAjSpl93wCTrLd8wHumDuJ8l9tNhCOYIh1MjlN__6vs7oTNb-tBVvlmO883fb3kKsOZu2BSIOtKCepvQ5L1Ug.CBD3mXxUA12E5w2C9SZi1ZJbhim4e7I4Tnq2yzOJGCw&dib_tag=se&keywords=soft+toys&qid=1746966483&sr=8-14
"Webby Plush Husky Dog Stuffed Animal Puppy Soft Toy, Adorable Gifts for Kids and Adult, Glitter Eyes Soft Toy, 35CM (Grey)",M.R.P:,400.0,4.5,924,https://m.media-amazon.com/images/I/71A-WPv5q-L._AC_UL320_.jpg,https://www.amazon.in/Webby-Plush-Stuffed-Animal-Adorable/dp/B0B42TFR9D/ref=sr_1_15?dib=eyJ2IjoiMSJ9.E6Z5MwHloRsESI6VE7xAHiwqCI8EbLa_eRLwmphLVU8uOOFmeUWPwK_MvrxzN_Rh9Hap4eLAwSW875N7Pq4KW1qwo836mTKBqW1DyxE-bAL9HSbYyZLh4xraM7kLlJ_QX3iJwXOEpIGEKacjbdgMeF-saSJOETnbcc1FEzOboPBXfrs_3zlw8Fsqsblb6OePJeL0sTvybuBG9lY3DO1NMmpAjSpl93wCTrLd8wHumDuJ8l9tNhCOYIh1MjlN__6vs7oTNb-tBVvlmO883fb3kKsOZu2BSIOtKCepvQ5L1Ug.CBD3mXxUA12E5w2C9SZi1ZJbhim4e7I4Tnq2yzOJGCw&dib_tag=se&keywords=soft+toys&qid=1746966483&sr=8-15
Babique Pluto Sitting Plush Soft Toy Cute Kids Animal Home Decor Boys/Girls (30 Cm),M.R.P:,309.0,4.2,2335,https://m.media-amazon.com/images/I/61val7qNvyL._AC_UL320_.jpg,https://www.amazon.in/Babique-Pluto-Stuffed-Plush-Yellow/dp/B07ZJG1FGL/ref=sr_1_16?dib=eyJ2IjoiMSJ9.E6Z5MwHloRsESI6VE7xAHiwqCI8EbLa_eRLwmphLVU8uOOFmeUWPwK_MvrxzN_Rh9Hap4eLAwSW875N7Pq4KW1qwo836mTKBqW1DyxE-bAL9HSbYyZLh4xraM7kLlJ_QX3iJwXOEpIGEKacjbdgMeF-saSJOETnbcc1FEzOboPBXfrs_3zlw8Fsqsblb6OePJeL0sTvybuBG9lY3DO1NMmpAjSpl93wCTrLd8wHumDuJ8l9tNhCOYIh1MjlN__6vs7oTNb-tBVvlmO883fb3kKsOZu2BSIOtKCepvQ5L1Ug.CBD3mXxUA12E5w2C9SZi1ZJbhim4e7I4Tnq2yzOJGCw&dib_tag=se&keywords=soft+toys&qid=1746966483&sr=8-16
Storio Toy Super Cute Plushie Soft Toys for Kids | Plush Soft Toys for Baby Boys and Girls Kids -Reversible Rabbit | Best Valentine Gift,M.R.P:,299.0,4.2,1679,https://m.media-amazon.com/images/I/51XjmK41FjL._AC_UL320_.jpg,https://www.amazon.in/Storio-Plushie-Reversible-Rabbit-Valentine/dp/B0CQG947NZ/ref=sr_1_17?dib=eyJ2IjoiMSJ9.E6Z5MwHloRsESI6VE7xAHiwqCI8EbLa_eRLwmphLVU8uOOFmeUWPwK_MvrxzN_Rh9Hap4eLAwSW875N7Pq4KW1qwo836mTKBqW1DyxE-bAL9HSbYyZLh4xraM7kLlJ_QX3iJwXOEpIGEKacjbdgMeF-saSJOETnbcc1FEzOboPBXfrs_3zlw8Fsqsblb6OePJeL0sTvybuBG9lY3DO1NMmpAjSpl93wCTrLd8wHumDuJ8l9tNhCOYIh1MjlN__6vs7oTNb-tBVvlmO883fb3kKsOZu2BSIOtKCepvQ5L1Ug.CBD3mXxUA12E5w2C9SZi1ZJbhim4e7I4Tnq2yzOJGCw&dib_tag=se&keywords=soft+toys&qid=1746966483&sr=8-17
"Niku Doll (30cm, Pink) | Soft Plush Doll Toy with Rabbit Ear, Teddy Bear, Best Gift Toy and Pillow for Kids, Girls and Adults | Valentines",M.R.P:,295.0,4.1,690,https://m.media-amazon.com/images/I/51iaZJwi7yL._AC_UL320_.jpg,https://www.amazon.in/Niku-Super-Rabbit-Pillow-Adults/dp/B0CR886N1T/ref=sr_1_18?dib=eyJ2IjoiMSJ9.E6Z5MwHloRsESI6VE7xAHiwqCI8EbLa_eRLwmphLVU8uOOFmeUWPwK_MvrxzN_Rh9Hap4eLAwSW875N7Pq4KW1qwo836mTKBqW1DyxE-bAL9HSbYyZLh4xraM7kLlJ_QX3iJwXOEpIGEKacjbdgMeF-saSJOETnbcc1FEzOboPBXfrs_3zlw8Fsqsblb6OePJeL0sTvybuBG9lY3DO1NMmpAjSpl93wCTrLd8wHumDuJ8l9tNhCOYIh1MjlN__6vs7oTNb-tBVvlmO883fb3kKsOZu2BSIOtKCepvQ5L1Ug.CBD3mXxUA12E5w2C9SZi1ZJbhim4e7I4Tnq2yzOJGCw&dib_tag=se&keywords=soft+toys&qid=1746966483&sr=8-18
"Babique Plush Soft Toy Cute Kids Animal Home Decor Boys/Girls/Baby (10 cm, Rattle Ball)",M.R.P:,110.0,3.9,2983,https://m.media-amazon.com/images/I/61JLJWkVeQL._AC_UL320_.jpg,https://www.amazon.in/Babique-Ball-Rattle-Sound-Birthday/dp/B08PVYDSX1/ref=sr_1_19?dib=eyJ2IjoiMSJ9.E6Z5MwHloRsESI6VE7xAHiwqCI8EbLa_eRLwmphLVU8uOOFmeUWPwK_MvrxzN_Rh9Hap4eLAwSW875N7Pq4KW1qwo836mTKBqW1DyxE-bAL9HSbYyZLh4xraM7kLlJ_QX3iJwXOEpIGEKacjbdgMeF-saSJOETnbcc1FEzOboPBXfrs_3zlw8Fsqsblb6OePJeL0sTvybuBG9lY3DO1NMmpAjSpl93wCTrLd8wHumDuJ8l9tNhCOYIh1MjlN__6vs7oTNb-tBVvlmO883fb3kKsOZu2BSIOtKCepvQ5L1Ug.CBD3mXxUA12E5w2C9SZi1ZJbhim4e7I4Tnq2yzOJGCw&dib_tag=se&keywords=soft+toys&qid=1746966483&sr=8-19
"Hug 'n' Feel Baby Penguin Soft Toy (25 cm) – Cute & Cuddly Random Color Plush Penguin for Kids & Babies – Ideal Gift for Newborns, Toddlers & Children – Perfect for Hugging, Snuggling & Playtime",M.R.P:,261.0,4.0,34271,https://m.media-amazon.com/images/I/511I9BYWonL._AC_UL320_.jpg,https://www.amazon.in/HUG-FEEL-SOFT-TOYS-Penguin/dp/B0CW1VMD99/ref=sr_1_20?dib=eyJ2IjoiMSJ9.E6Z5MwHloRsESI6VE7xAHiwqCI8EbLa_eRLwmphLVU8uOOFmeUWPwK_MvrxzN_Rh9Hap4eLAwSW875N7Pq4KW1qwo836mTKBqW1DyxE-bAL9HSbYyZLh4xraM7kLlJ_QX3iJwXOEpIGEKacjbdgMeF-saSJOETnbcc1FEzOboPBXfrs_3zlw8Fsqsblb6OePJeL0sTvybuBG9lY3DO1NMmpAjSpl93wCTrLd8wHumDuJ8l9tNhCOYIh1MjlN__6vs7oTNb-tBVvlmO883fb3kKsOZu2BSIOtKCepvQ5L1Ug.CBD3mXxUA12E5w2C9SZi1ZJbhim4e7I4Tnq2yzOJGCw&dib_tag=se&keywords=soft+toys&qid=1746966483&sr=8-20
SCOOBA Super Soft 30cm Small White Color Cow Soft Toy - Polyfill Washable Cuddly Soft Plush Toy - Helps to Learn Role Play,M.R.P:,379.0,4.2,586,https://m.media-amazon.com/images/I/51y39ofWmfL._AC_UL320_.jpg,https://www.amazon.in/SCOOBA-Super-Soft-30cm-Small/dp/B08SWP7FTB/ref=sr_1_25?dib=eyJ2IjoiMSJ9.E6Z5MwHloRsESI6VE7xAHiwqCI8EbLa_eRLwmphLVU8uOOFmeUWPwK_MvrxzN_Rh9Hap4eLAwSW875N7Pq4KW1qwo836mTKBqW1DyxE-bAL9HSbYyZLh4xraM7kLlJ_QX3iJwXOEpIGEKacjbdgMeF-saSJOETnbcc1FEzOboPBXfrs_3zlw8Fsqsblb6OePJeL0sTvybuBG9lY3DO1NMmpAjSpl93wCTrLd8wHumDuJ8l9tNhCOYIh1MjlN__6vs7oTNb-tBVvlmO883fb3kKsOZu2BSIOtKCepvQ5L1Ug.CBD3mXxUA12E5w2C9SZi1ZJbhim4e7I4Tnq2yzOJGCw&dib_tag=se&keywords=soft+toys&qid=1746966483&sr=8-25
"Babique Plush Soft Toy Cute Kids Animal Home Decor Boys/Girls/Baby (28 Cm, Monkey)",M.R.P:,159.0,4.3,3440,https://m.media-amazon.com/images/I/613HNieYoxL._AC_UL320_.jpg,https://www.amazon.in/Babique-Sitting-Monkey-Plush-Animal/dp/B08L21WXD8/ref=sr_1_26?dib=eyJ2IjoiMSJ9.E6Z5MwHloRsESI6VE7xAHiwqCI8EbLa_eRLwmphLVU8uOOFmeUWPwK_MvrxzN_Rh9Hap4eLAwSW875N7Pq4KW1qwo836mTKBqW1DyxE-bAL9HSbYyZLh4xraM7kLlJ_QX3iJwXOEpIGEKacjbdgMeF-saSJOETnbcc1FEzOboPBXfrs_3zlw8Fsqsblb6OePJeL0sTvybuBG9lY3DO1NMmpAjSpl93wCTrLd8wHumDuJ8l9tNhCOYIh1MjlN__6vs7oTNb-tBVvlmO883fb3kKsOZu2BSIOtKCepvQ5L1Ug.CBD3mXxUA12E5w2C9SZi1ZJbhim4e7I4Tnq2yzOJGCw&dib_tag=se&keywords=soft+toys&qid=1746966483&sr=8-26
SCOOBA Penguin Soft Toy 20 cm (Purple Penguin with Scarf),M.R.P:,299.0,4.3,694,https://m.media-amazon.com/images/I/31IiUwflKYL._AC_UL320_.jpg,https://www.amazon.in/SCOOBA-Penguin-Soft-Purple-Scarf/dp/B0F5BP2PB5/ref=sr_1_27?dib=eyJ2IjoiMSJ9.E6Z5MwHloRsESI6VE7xAHiwqCI8EbLa_eRLwmphLVU8uOOFmeUWPwK_MvrxzN_Rh9Hap4eLAwSW875N7Pq4KW1qwo836mTKBqW1DyxE-bAL9HSbYyZLh4xraM7kLlJ_QX3iJwXOEpIGEKacjbdgMeF-saSJOETnbcc1FEzOboPBXfrs_3zlw8Fsqsblb6OePJeL0sTvybuBG9lY3DO1NMmpAjSpl93wCTrLd8wHumDuJ8l9tNhCOYIh1MjlN__6vs7oTNb-tBVvlmO883fb3kKsOZu2BSIOtKCepvQ5L1Ug.CBD3mXxUA12E5w2C9SZi1ZJbhim4e7I4Tnq2yzOJGCw&dib_tag=se&keywords=soft+toys&qid=1746966483&sr=8-27
"Future Shop Pack of 4 Panda, Squirrel, Griffe & Pink Dolphine. Best Soft Combo Toys Toy for Cute Kids Baby Boys/Girls Animal Stuffed Plush Toy Teddy Bear for Kids.",M.R.P:,479.0,4.1,480,https://m.media-amazon.com/images/I/41CB-Bd3k3L._AC_UL320_.jpg,https://www.amazon.in/Future-Shop-Squirrel-Dolphine-Friendly/dp/B0C1NPYZB4/ref=sr_1_28?dib=eyJ2IjoiMSJ9.E6Z5MwHloRsESI6VE7xAHiwqCI8EbLa_eRLwmphLVU8uOOFmeUWPwK_MvrxzN_Rh9Hap4eLAwSW875N7Pq4KW1qwo836mTKBqW1DyxE-bAL9HSbYyZLh4xraM7kLlJ_QX3iJwXOEpIGEKacjbdgMeF-saSJOETnbcc1FEzOboPBXfrs_3zlw8Fsqsblb6OePJeL0sTvybuBG9lY3DO1NMmpAjSpl93wCTrLd8wHumDuJ8l9tNhCOYIh1MjlN__6vs7oTNb-tBVvlmO883fb3kKsOZu2BSIOtKCepvQ5L1Ug.CBD3mXxUA12E5w2C9SZi1ZJbhim4e7I4Tnq2yzOJGCw&dib_tag=se&keywords=soft+toys&qid=1746966483&sr=8-28
